{
  "body": "{\"device\":\"20B410B\",\"deviceTypeId\":\"60cb0ad7e833d93e98ebf970\",\"time\":1625212067,\"data\":\"8f00642664c9ffffff246100\",\"computedLocation\":{\"lat\":35.70400594091959,\"lng\":140.0136113371549,\"radius\":7800,\"source\":2,\"status\":2}}",
  "resource": "/{tenantId}",
  "path": "/api/v1/g_Cg47yChW/location/sigfox",
  "httpMethod": "POST",
  "isBase64Encoded": true,
  "queryStringParameters": {},
  "multiValueQueryStringParameters": {},
  "pathParameters": {
    "tenantId": "g_Cg47yChW"
  },
  "stageVariables": {
    "baz": "qux"
  },
  "headers": {
    "Accept": "text/html,application/xhtml+xml,application/xml;q=0.9,image/webp,*/*;q=0.8",
    "Accept-Encoding": "gzip, deflate, sdch",
    "Accept-Language": "en-US,en;q=0.8",
    "Cache-Control": "max-age=0",
    "CloudFront-Forwarded-Proto": "https",
    "CloudFront-Is-Desktop-Viewer": "true",
    "CloudFront-Is-Mobile-Viewer": "false",
    "CloudFront-Is-SmartTV-Viewer": "false",
    "CloudFront-Is-Tablet-Viewer": "false",
    "CloudFront-Viewer-Country": "US",
    "Host": "1234567890.execute-api.ap-northeast-1.amazonaws.com",
    "Upgrade-Insecure-Requests": "1",
    "User-Agent": "Custom User Agent String",
    "Via": "1.1 08f323deadbeefa7af34d5feb414ce27.cloudfront.net (CloudFront)",
    "X-Amz-Cf-Id": "cDehVQoZnx43VYQb9j2-nvCh-9z396Uhbp027Y2JvkCPNLmGJHqlaA==",
    "X-Forwarded-For": "127.0.0.1, 127.0.0.2",
    "X-Forwarded-Port": "443",
    "X-Forwarded-Proto": "https",
    "x-soracom-imei": "354734101017248",
    "x-soracom-imsi": "440103230996261",
    "x-soracom-signature": "bc85e1d466204fa6bb77f2ba20feeffa9929ad051c6450191279ee9de77e3643",
    "x-soracom-signature-version": "20151001",
    "x-soracom-timestamp": "1624346114167"
  },
  "multiValueHeaders": {
    "Accept": [
      "text/html,application/xhtml+xml,application/xml;q=0.9,image/webp,*/*;q=0.8"
    ],
    "Accept-Encoding": ["gzip, deflate, sdch"],
    "Accept-Language": ["en-US,en;q=0.8"],
    "Cache-Control": ["max-age=0"],
    "CloudFront-Forwarded-Proto": ["https"],
    "CloudFront-Is-Desktop-Viewer": ["true"],
    "CloudFront-Is-Mobile-Viewer": ["false"],
    "CloudFront-Is-SmartTV-Viewer": ["false"],
    "CloudFront-Is-Tablet-Viewer": ["false"],
    "CloudFront-Viewer-Country": ["US"],
    "Host": ["0123456789.execute-api.ap-northeast-1.amazonaws.com"],
    "Upgrade-Insecure-Requests": ["1"],
    "User-Agent": ["Custom User Agent String"],
    "Via": ["1.1 08f323deadbeefa7af34d5feb414ce27.cloudfront.net (CloudFront)"],
    "X-Amz-Cf-Id": ["cDehVQoZnx43VYQb9j2-nvCh-9z396Uhbp027Y2JvkCPNLmGJHqlaA=="],
    "X-Forwarded-For": ["127.0.0.1, 127.0.0.2"],
    "X-Forwarded-Port": ["443"],
    "X-Forwarded-Proto": ["https"]
  },
  "requestContext": {
    "accountId": "123456789012",
    "resourceId": "123456",
    "stage": "dev",
    "requestId": "c6af9ac6-7b61-11e6-9a41-93e8deadbeef",
    "requestTime": "09/Apr/2015:12:34:56 +0000",
    "requestTimeEpoch": 1428582896000,
    "identity": {
      "cognitoIdentityPoolId": null,
      "accountId": null,
      "cognitoIdentityId": null,
      "caller": null,
      "accessKey": null,
      "sourceIp": "127.0.0.1",
      "cognitoAuthenticationType": null,
      "cognitoAuthenticationProvider": null,
      "userArn": null,
      "userAgent": "Custom User Agent String",
      "user": null
    },
    "path": "/prod/path/to/resource",
    "resourcePath": "/{tenantId}",
    "httpMethod": "POST",
    "apiId": "1234567890",
    "protocol": "HTTP/1.1"
  }
}
